SET search_path = public;

-- 1. referee_relationships: disable user trigger, load, re-enable
ALTER TABLE public.referee_relationships DISABLE TRIGGER USER;
COPY public.referee_relationships (id, referee_id, entity_type, entity_id, fee_type, fee_percentage, fee_fixed_amount, apply_by_default, active, notes, effective_from, effective_until, created_at, updated_at) FROM stdin;
10ee3d84-4c9e-4d6a-b4b7-ed8a9ea7f9fd	8cfaba5d-0a1e-49cf-9060-6a1f4e68c15a	customer	f8313f7c-1ce6-4397-bf8f-8ecfa71ba37d	percentage	5.00	\N	t	t	\N	2026-05-23 04:49:44.818+00	\N	2026-05-23 04:49:44.875615+00	2026-05-23 04:49:44.875615+00
2be5bb8d-2484-43b0-96fc-9402ac6eee5b	cf565e0a-1c91-4095-9640-e65782b44ed1	customer	f8313f7c-1ce6-4397-bf8f-8ecfa71ba37d	percentage	5.00	\N	t	t	\N	2026-05-24 02:05:24.264+00	\N	2026-05-24 02:05:24.261934+00	2026-05-24 02:05:24.261934+00
f685fb9f-c2df-46bb-a720-096b94c0d16b	ed4c451d-637a-447d-a20d-753b8ce19087	customer	f8313f7c-1ce6-4397-bf8f-8ecfa71ba37d	percentage	5.00	\N	t	t	\N	2026-05-24 02:25:39.47+00	\N	2026-05-24 02:25:39.595833+00	2026-05-24 02:25:39.595833+00
\.
ALTER TABLE public.referee_relationships ENABLE TRIGGER USER;

-- 2. batches (column-stripped)
COPY public.batches (id, item_id, vendor_id, batch_code, shorthand, name, category, tags, intake_qty, available_qty, reserved_qty, uom, unit_cost, unit_price, location, lot_code, expiration_date, ownership_status, arrival_confirmed, status, photo_url, posted_at, archived_at, created_at, updated_at, source_code, intake_date, ticket_cost, price_range, notes, legacy_marker, arrival_status, validation_issues, media_status, purchase_order_id, purchase_order_line_id, subcategory, brand_id, brand_alias, vendor_alias, sort_id, case_pack) FROM stdin;
f30adf37-ad70-4c7a-a076-cffc45bd9595	ccd12782-6a0b-48f7-8128-959f52af43b7	5a8d7446-358e-446f-9160-f92b942b0d99	BATCH-DEMO-004	Prl/house	House Pre-roll 1g	Pre-roll	{value,pre-roll}	1000.000	740.000	0.000	unit	2.10	4.00	B3	UP-PR-0505	\N	OFC	t	posted	\N	2026-05-18 19:02:46.017+00	\N	2026-05-22 19:02:46.126218+00	2026-05-22 19:02:46.126218+00	UP-0505-P	2026-05-18 19:02:46.017+00	2100.00	3-5	Fast reorder candidate for value buyers.	ofc	arrived	[]	open	\N	\N	\N	\N	\N	Upland Craft	4	\N
b0c033be-c92f-42ce-ae76-11a99432b3c4	88503097-c672-47cc-901c-eedace02fa5c	01a38204-720b-469b-8c7b-8f70649710ae	BATCH-DEMO-005	Vap/live	Live Resin Cart	Vape	{vape,live}	250.000	0.000	0.000	unit	14.50	24.00	C2	EM-VP-0420	\N	OFC	t	posted	\N	2026-05-01 19:02:46.017+00	\N	2026-05-22 19:02:46.126218+00	2026-05-22 19:02:46.126218+00	EM-0420-V	2026-05-01 19:02:46.017+00	3625.00	22-28	Depleted lot for consignment/reorder proof.	CV	arrived	[]	done	\N	\N	\N	\N	\N	Emerald Processing Co	5	\N
11243312-dae3-4070-8819-e5e3b629e4f9	adae0c44-158d-4aa0-846a-b9f343340241	903641e0-1671-48cf-b2f7-b4c95bc95ed2	BATCH-READY-001	Ins/candy	Infused Candy Sour	Infused	{infused,candy}	80.000	0.000	0.000	case	39.00	64.00	Receiving	NC-SOUR-0511	\N	UNKNOWN	t	ready	\N	\N	\N	2026-05-22 19:02:46.126218+00	2026-05-22 19:02:46.126218+00	NC-0511-S	2026-05-22 19:02:46.017+00	3120.00	58-68	Ready row waiting on Process Intake.	T	arrived	[]	open	\N	\N	\N	\N	\N	North Coast Gardens	6	\N
aaa3c8a7-636e-4da0-8896-9d3f2520abac	adae0c44-158d-4aa0-846a-b9f343340241	903641e0-1671-48cf-b2f7-b4c95bc95ed2	BATCH-DEMO-001	Ins/candy	Infused Candy 10mg	Infused	{infused,candy,premium}	120.000	96.000	0.000	case	42.00	68.00	QA-Hold	NC-IC-0426	\N	OFC	t	posted	\N	2026-05-04 19:02:46.017+00	\N	2026-05-22 19:02:46.126218+00	2026-05-23 04:47:01.185+00	NC-0426-A	2026-05-04 19:02:46.017+00	5040.00	60-72	Consigned candy lot from shared sheet intake area. Rich asked about 25 flex.	C	arrived	[]	done	\N	\N	\N	\N	\N	North Coast Gardens	1	\N
05391e52-41cf-48fb-b5e4-885b7e90ebff	c1772101-a731-43f2-995c-c2b28e7c3a33	01a38204-720b-469b-8c7b-8f70649710ae	BATCH-MPJ4RZDL-174	\N	QA Planned Flower	Flower	{}	2.000	0.000	0.000	lb	10.00	10.00	Receiving	\N	\N	UNKNOWN	t	draft	\N	\N	\N	2026-05-24 02:00:49.953214+00	2026-05-24 02:00:49.953214+00	PO-MPJ4RX8F-235	\N	\N	\N	Received from PO-MPJ4RX8F-235.	UNKNOWN	arrived	[]	open	4019b2f4-1e62-4868-9d98-d559991fe17a	2738db1b-a674-491f-8df2-e9b46ab0b85f	\N	\N	\N	Emerald Processing Co	7	\N
641efe0f-5534-4807-97ba-8bcfa4c7231f	04099ba0-abe4-4c65-939a-1c38df166b05	903641e0-1671-48cf-b2f7-b4c95bc95ed2	BATCH-DEMO-002	Flw/gelato	Gelato Flower	Flower	{flower,premium}	45.000	31.500	0.000	lb	780.00	1120.00	QA-Hold	NC-GEL-0501	\N	OFC	t	posted	\N	2026-04-17 19:02:46.017+00	\N	2026-04-17 19:02:46.017+00	2026-05-24 02:01:53.052+00	M15-NC-0501-F	2026-04-17 19:02:46.017+00	35100.00	1000-1200	Aging premium flower candidate. Source note M15 rich.	C	arrived	[]	done	\N	\N	\N	\N	\N	North Coast Gardens	2	\N
9560ebcb-ab0e-4c35-8240-c7c639749023	7746ac9b-597e-4c5e-9ec2-dfcbdeaf1400	01a38204-720b-469b-8c7b-8f70649710ae	BATCH-MPJ50XSH-221	\N	QA Tagged Candy	Infused	{premium,string-slice}	3.000	0.000	0.000	lb	12.00	12.00	Receiving	\N	\N	UNKNOWN	t	draft	\N	\N	\N	2026-05-24 02:07:47.827967+00	2026-05-24 02:07:49.896+00	PO-MPJ50W76-405	\N	\N	\N	Received from PO-MPJ50W76-405.	UNKNOWN	arrived	[]	open	e7932a8f-ebb1-46a7-b244-cc5a856eb497	6661f67a-8423-4cc7-94b9-112602d74e27	\N	\N	\N	Emerald Processing Co	8	\N
bd890d37-890e-4e83-b741-d26c02fcc872	6ba8f78f-836f-48a1-ac95-0fd0a007a92a	01a38204-720b-469b-8c7b-8f70649710ae	BATCH-MPJ5I7QZ-844	\N	QA Planned Flower	Flower	{}	2.000	0.000	0.000	lb	10.00	10.00	Receiving	\N	\N	UNKNOWN	t	draft	\N	\N	\N	2026-05-24 02:21:13.805361+00	2026-05-24 02:21:13.805361+00	PO-MPJ5I5A2-371	\N	\N	\N	Received from PO-MPJ5I5A2-371.	UNKNOWN	arrived	[]	open	72625d52-2af0-4bdb-a984-5132f2f906de	7e1d9ef0-da15-4c9b-8969-9f48e78f548c	\N	\N	\N	Emerald Processing Co	9	\N
af2f07d5-4245-4c85-b583-90cae1889c00	19feeb79-6d58-4fba-8191-435bdeead67b	01a38204-720b-469b-8c7b-8f70649710ae	BATCH-MPJ5RDK7-925	\N	QA Tagged Candy	Infused	{premium,string-slice}	3.000	0.000	0.000	lb	12.00	12.00	Receiving	\N	\N	UNKNOWN	t	draft	\N	\N	\N	2026-05-24 02:28:21.291754+00	2026-05-24 02:28:24.889+00	PO-MPJ5RB1A-608	\N	\N	\N	Received from PO-MPJ5RB1A-608.	UNKNOWN	arrived	[]	open	cc6adcd2-2eee-4595-8f0e-235cc85af8d2	0aac95d5-9b17-4d54-b58b-ffb563f09973	\N	\N	\N	Emerald Processing Co	10	\N
17ea658a-fbcf-46ee-83ab-8a664b496bed	efd6e5c7-c14c-4672-9146-bbaaf6bd4e3d	01a38204-720b-469b-8c7b-8f70649710ae	BATCH-MPJ7Q19U-678	\N	QA Planned Flower	Flower	{}	2.000	0.000	0.000	lb	10.00	10.00	Receiving	\N	\N	UNKNOWN	t	draft	\N	\N	\N	2026-05-24 03:23:17.871451+00	2026-05-24 03:23:17.871451+00	PO-MPJ7PZDK-593	\N	\N	\N	Received from PO-MPJ7PZDK-593.	UNKNOWN	arrived	[]	open	fef19f43-354c-43f6-9a6c-54b48000c632	daf61d6c-aeeb-420c-957a-b3c8d592af8c	\N	\N	\N	Emerald Processing Co	11	\N
d3453113-ce38-472b-9217-5863d27a5c76	ec9d40b5-f206-4087-9986-66a555e03ae8	01a38204-720b-469b-8c7b-8f70649710ae	BATCH-MPJ7R46J-168	\N	QA Tagged Candy	Infused	{premium,string-slice}	3.000	0.000	0.000	lb	12.00	12.00	Receiving	\N	\N	UNKNOWN	t	draft	\N	\N	\N	2026-05-24 03:24:08.294718+00	2026-05-24 03:24:10.798+00	PO-MPJ7R2AW-602	\N	\N	\N	Received from PO-MPJ7R2AW-602.	UNKNOWN	arrived	[]	open	82dfb8df-072e-4f0f-b214-97d2f0dedcd5	c6dbdfbb-e304-4f7f-b9d6-e1930922842c	\N	\N	\N	Emerald Processing Co	12	\N
422db2d1-6005-4b96-b811-7414628cd782	fc69b9a1-fcb4-46c5-b5df-f84df06a7ae7	01a38204-720b-469b-8c7b-8f70649710ae	BATCH-MPJ8J8HD-563	\N	QA Planned Flower	Flower	{}	2.000	0.000	0.000	lb	10.00	10.00	Receiving	\N	\N	UNKNOWN	t	draft	\N	\N	\N	2026-05-24 03:46:00.240617+00	2026-05-24 03:46:00.240617+00	PO-MPJ8J6JM-485	\N	\N	\N	Received from PO-MPJ8J6JM-485.	UNKNOWN	arrived	[]	open	8c3039e9-3926-4d15-b9ff-a2fb7c03a335	66425bba-e811-4b60-9aa8-eed53702a598	\N	\N	\N	Emerald Processing Co	13	\N
fdcb19d1-9a8e-4a53-a20f-3c9fbec0940d	b84360ad-0568-4168-b089-d8a728df64c6	01a38204-720b-469b-8c7b-8f70649710ae	BATCH-MPJ8JPNG-484	\N	QA Tagged Candy	Infused	{premium,string-slice}	3.000	0.000	0.000	lb	12.00	12.00	Receiving	\N	\N	UNKNOWN	t	draft	\N	\N	\N	2026-05-24 03:46:22.480713+00	2026-05-24 03:46:24.954+00	PO-MPJ8JO1A-664	\N	\N	\N	Received from PO-MPJ8JO1A-664.	UNKNOWN	arrived	[]	open	0c504c71-8c7d-4264-b351-48520e50caf7	067142b1-b98d-436b-96aa-d9e667c12f40	\N	\N	\N	Emerald Processing Co	14	\N
f49237b9-ef3f-4711-b32c-fb00f06ce30c	a41b07e8-50be-4280-911a-0b2d6022e8e4	01a38204-720b-469b-8c7b-8f70649710ae	BATCH-MPJ9B9C1-226	\N	QA Tagged Candy	Infused	{premium,string-slice}	3.000	0.000	0.000	lb	12.00	12.00	Receiving	\N	\N	UNKNOWN	t	draft	\N	\N	\N	2026-05-24 04:07:47.710556+00	2026-05-24 04:07:50.576+00	PO-MPJ9B7S8-907	\N	\N	\N	Received from PO-MPJ9B7S8-907.	UNKNOWN	arrived	[]	open	1b579471-84ea-4588-a6b6-2cc9293024e1	36eaa307-4673-4d73-baac-fa2b2d9d5265	\N	\N	\N	Emerald Processing Co	15	\N
60ebc809-d845-4f63-a61d-add21f409f08	fffa0616-e761-4868-a3e8-e214d6fd5dec	01a38204-720b-469b-8c7b-8f70649710ae	BATCH-MPJ9BG8B-553	\N	QA Planned Flower	Flower	{}	2.000	0.000	0.000	lb	10.00	10.00	Receiving	\N	\N	UNKNOWN	t	draft	\N	\N	\N	2026-05-24 04:07:56.657826+00	2026-05-24 04:07:56.657826+00	PO-MPJ9BE85-280	\N	\N	\N	Received from PO-MPJ9BE85-280.	UNKNOWN	arrived	[]	open	0f797bbb-ec90-4c2b-be07-325e99acf435	69a9894c-e693-48a3-9a62-9443a9c7d64c	\N	\N	\N	Emerald Processing Co	16	\N
85c54889-42f6-4d3f-a9f5-1c4bf7674a34	b3b5fd1f-f224-4967-96b0-6ba2c8f28684	01a38204-720b-469b-8c7b-8f70649710ae	BATCH-MPJAD3ZI-181	\N	QA Planned Flower	Flower	{}	2.000	0.000	0.000	lb	10.00	10.00	Receiving	\N	\N	UNKNOWN	t	draft	\N	\N	\N	2026-05-24 04:37:13.734055+00	2026-05-24 04:37:13.734055+00	PO-MPJAD1Y9-133	\N	\N	\N	Received from PO-MPJAD1Y9-133.	UNKNOWN	arrived	[]	open	26ce9462-840d-40f1-b0d1-9e68fed9a51f	8e4ae194-55f3-4d64-adc5-731462e52061	\N	\N	\N	Emerald Processing Co	17	\N
18b6eea4-59a4-4e6e-9cb5-26615f4a03fd	29902415-333b-4855-9c47-40f566fd1817	01a38204-720b-469b-8c7b-8f70649710ae	BATCH-MPJAEDW2-326	\N	QA Tagged Candy	Infused	{premium,string-slice}	3.000	0.000	0.000	lb	12.00	12.00	Receiving	\N	\N	UNKNOWN	t	draft	\N	\N	\N	2026-05-24 04:38:13.227385+00	2026-05-24 04:38:16.001+00	PO-MPJAECDM-725	\N	\N	\N	Received from PO-MPJAECDM-725.	UNKNOWN	arrived	[]	open	bc0c1f3b-65b8-46ea-8be3-393828cbedce	6597b357-148b-432b-93dd-463881492dca	\N	\N	\N	Emerald Processing Co	18	\N
659470b0-6a8c-4bb0-9948-cff6ebfd8753	2a3d2597-9e8a-4481-95e1-308913e507e5	01a38204-720b-469b-8c7b-8f70649710ae	BATCH-DEMO-003	Ext/rosin	Live Rosin 1g	Extract	{extract,live,premium}	300.000	188.000	0.000	unit	16.00	27.00	QA-Hold	EM-LR-0504	\N	C	t	posted	\N	2026-05-14 19:02:46.017+00	\N	2026-05-22 19:02:46.126218+00	2026-05-24 04:38:33.311+00	EM-0504-R	2026-05-14 19:02:46.017+00	4800.00	25-34	Office-owned rosin.	OFC	arrived	[]	in_progress	\N	\N	\N	\N	\N	Emerald Processing Co	3	\N
64307442-5ac7-4c56-b5e7-3469c8bdeac4	8960ef4b-fe69-43f2-9aa1-3ac46db1435b	01a38204-720b-469b-8c7b-8f70649710ae	BATCH-MPJAO5GN-022	\N	QA Tagged Candy	Infused	{premium,string-slice}	3.000	0.000	0.000	lb	12.00	12.00	Receiving	\N	\N	UNKNOWN	t	draft	\N	\N	\N	2026-05-24 04:45:48.866852+00	2026-05-24 04:45:52.192+00	PO-MPJAO3KI-181	\N	\N	\N	Received from PO-MPJAO3KI-181.	UNKNOWN	arrived	[]	open	71270355-bb73-48b5-8fe8-fadd756f61f2	f8958235-fbd0-4515-a794-67ba63b430e0	\N	\N	\N	Emerald Processing Co	19	\N
\.

-- 3. sales_order_lines
COPY public.sales_order_lines (id, order_id, batch_id, item_name, qty, unit_price, unit_cost, status, created_at, updated_at, source_row_key, unresolved_source_text, legacy_status_marker, packed, inventory_posted, payment_followup, validation_issues, display_name, unit_cost_resolved, landed_cost_basis, landed_cost_reason, price_floor, below_floor_reason, below_floor_note, vendor_approval_state, landed_cost_basis_pre49, pick_released_at, pick_released_by) FROM stdin;
ee93553f-ffd9-4dea-9214-4cca34cec463	5806f358-53c1-4d8e-a06c-4e107623f652	aaa3c8a7-636e-4da0-8896-9d3f2520abac	Infused Candy 10mg	40.000	72.00	42.00	reserved	2026-05-22 19:02:46.144483+00	2026-05-22 19:02:46.144483+00	BATCH-DEMO-001	\N	P	f	f	f	[]	\N	t	\N	\N	\N	\N	\N	none	\N	\N	\N
cf309b8d-bd38-46cc-933d-8afe4f6cc2ab	5806f358-53c1-4d8e-a06c-4e107623f652	659470b0-6a8c-4bb0-9948-cff6ebfd8753	Live Rosin 1g	90.000	34.00	16.00	reserved	2026-05-22 19:02:46.144483+00	2026-05-22 19:02:46.144483+00	BATCH-DEMO-003	\N	Iv	f	f	f	[]	\N	t	\N	\N	\N	\N	\N	none	\N	\N	\N
fed731e2-6d48-4130-9bc8-016823ca07a2	4a883b61-64bc-4895-b794-961573d5ab56	641efe0f-5534-4807-97ba-8bcfa4c7231f	Gelato Flower	5.000	1120.00	780.00	posted	2026-05-22 19:02:46.144483+00	2026-05-22 19:02:46.144483+00	BATCH-DEMO-002	\N	M	f	t	f	[]	\N	t	\N	\N	\N	\N	\N	none	\N	\N	\N
f3827af3-7d2c-4802-b1a1-cd744340299c	1bcd240f-0672-419e-9482-686545764d3a	aaa3c8a7-636e-4da0-8896-9d3f2520abac	Infused Candy 10mg	1.000	68.00	66.00	needs_fix	2026-05-23 04:44:39.452278+00	2026-05-23 04:44:39.452278+00	BATCH-DEMO-001	BATCH-DEMO-001	\N	f	f	f	["Pick landed COGS in $60-$72."]	Infused Candy 10mg	f	\N	\N	\N	\N	\N	none	\N	\N	\N
313242cf-de94-4282-9fb5-c1e636e206f5	1bcd240f-0672-419e-9482-686545764d3a	aaa3c8a7-636e-4da0-8896-9d3f2520abac	Infused Candy 10mg	1.000	68.00	66.00	needs_fix	2026-05-23 04:44:39.98357+00	2026-05-23 04:44:39.98357+00	BATCH-DEMO-001	BATCH-DEMO-001	\N	f	f	f	["Pick landed COGS in $60-$72."]	Infused Candy 10mg	f	\N	\N	\N	\N	\N	none	\N	\N	\N
e7692054-1c12-422f-97fc-15a1e6cf5a5c	8a20f2ee-7920-47dd-ab4d-43a0077ae521	aaa3c8a7-636e-4da0-8896-9d3f2520abac	Infused Candy 10mg	1.000	1.00	66.00	needs_fix	2026-05-23 04:47:15.806112+00	2026-05-23 04:47:15.806112+00	BATCH-DEMO-001	\N	\N	f	f	f	["Pick landed COGS in $60-$72."]	Infused Candy 10mg	f	\N	\N	\N	\N	\N	none	\N	\N	\N
7056837b-3455-4a83-b504-b025ad60778e	04056ebd-6a2d-448e-9f3e-b77acf61563a	659470b0-6a8c-4bb0-9948-cff6ebfd8753	Live Rosin 1g	1.000	1.00	29.50	needs_fix	2026-05-24 03:24:49.394542+00	2026-05-24 03:24:49.394542+00	BATCH-DEMO-003	\N	\N	f	f	f	["Pick landed COGS in $25-$34."]	Live Rosin 1g	f	\N	\N	\N	\N	\N	none	\N	\N	\N
926fa71d-225c-4c77-85e4-b083ab2da7fc	d60f5c31-0ae1-4590-aa47-bc8a8c83f7d8	aaa3c8a7-636e-4da0-8896-9d3f2520abac	Infused Candy 10mg	1.000	56.00	66.00	draft	2026-05-23 04:50:13.032771+00	2026-05-23 04:50:16.925+00	BATCH-DEMO-001	\N	\N	f	f	f	[]	Infused Candy 10mg	t	manual	\N	66.00	vendor_approval_pending	Issue #64 E2E smoke — vendor contact required.	approved	\N	\N	\N
11f4e755-26c6-42b5-8668-601a3406f410	047af795-e7b3-4c56-a52e-655ff08651f7	aaa3c8a7-636e-4da0-8896-9d3f2520abac	Infused Candy 10mg	1.000	68.00	66.00	needs_fix	2026-05-23 04:50:36.987146+00	2026-05-23 04:50:36.987146+00	BATCH-DEMO-001	\N	\N	f	f	f	["Pick landed COGS in $60-$72."]	Infused Candy 10mg	f	\N	\N	\N	\N	\N	none	\N	\N	\N
903816d8-f47c-40f4-bc27-cd9583c95596	1bb4c41a-896f-4030-928c-0abeb467b831	aaa3c8a7-636e-4da0-8896-9d3f2520abac	Infused Candy 10mg	1.000	68.00	66.00	needs_fix	2026-05-23 04:51:47.932607+00	2026-05-23 04:51:47.932607+00	BATCH-DEMO-001	BATCH-DEMO-001	\N	f	f	f	["Pick landed COGS in $60-$72."]	Springtime Candy	f	\N	\N	\N	\N	\N	none	\N	\N	\N
c5c05248-1d24-4369-9b3c-533afb64f9d4	047af795-e7b3-4c56-a52e-655ff08651f7	f30adf37-ad70-4c7a-a076-cffc45bd9595	House Pre-roll 1g	1.000	4.00	4.00	needs_fix	2026-05-23 04:52:11.154028+00	2026-05-23 04:52:11.154028+00	BATCH-DEMO-004	BATCH-DEMO-004	\N	f	f	f	["Pick landed COGS in $3-$5."]	House Pre-roll 1g	f	\N	\N	\N	\N	\N	none	\N	\N	\N
1e92cedb-3bd2-4ccc-a91c-9bde8960e74f	c412ece6-ff4a-4c43-8c36-9a6709bd1e0d	659470b0-6a8c-4bb0-9948-cff6ebfd8753	Live Rosin 1g	1.000	27.00	29.50	draft	2026-05-24 03:44:51.509732+00	2026-05-24 03:44:52.486+00	BATCH-DEMO-003	BATCH-DEMO-003	\N	f	f	f	[]	Live Rosin 1g	t	pick-mid	\N	29.50	\N	\N	none	\N	\N	\N
69d34dcf-ec3a-482c-a30e-c7e484cd5b69	46d02f16-e7f9-4955-823c-eb79ab803761	659470b0-6a8c-4bb0-9948-cff6ebfd8753	Live Rosin 1g	1.000	19.50	29.50	draft	2026-05-24 02:05:50.180225+00	2026-05-24 02:05:54.035+00	BATCH-DEMO-003	\N	\N	f	f	f	[]	Live Rosin 1g	t	manual	\N	29.50	vendor_approval_pending	Issue #64 E2E smoke — vendor contact required.	approved	\N	\N	\N
7a15863e-7357-46a3-b4fd-487f01e26bcb	b4ae5417-0b2a-4a60-92cf-989474db416d	659470b0-6a8c-4bb0-9948-cff6ebfd8753	Live Rosin 1g	1.000	27.00	29.50	needs_fix	2026-05-24 02:06:13.53492+00	2026-05-24 02:06:13.53492+00	BATCH-DEMO-003	\N	\N	f	f	f	["Pick landed COGS in $25-$34."]	Live Rosin 1g	f	\N	\N	\N	\N	\N	none	\N	\N	\N
e25621b6-d4b9-4444-b980-1610ea4295e3	b4ae5417-0b2a-4a60-92cf-989474db416d	f30adf37-ad70-4c7a-a076-cffc45bd9595	House Pre-roll 1g	1.000	4.00	4.00	needs_fix	2026-05-24 02:07:15.437059+00	2026-05-24 02:07:15.437059+00	BATCH-DEMO-004	BATCH-DEMO-004	\N	f	f	f	["Pick landed COGS in $3-$5."]	House Pre-roll 1g	f	\N	\N	\N	\N	\N	none	\N	\N	\N
90a5e759-52c8-4f18-abe5-d91317ed2beb	2815d499-8d6d-4fc2-bd55-1f1021dd292a	aaa3c8a7-636e-4da0-8896-9d3f2520abac	Infused Candy 10mg	1.000	68.00	66.00	needs_fix	2026-05-24 02:07:31.844187+00	2026-05-24 02:07:31.844187+00	BATCH-DEMO-001	BATCH-DEMO-001	\N	f	f	f	["Pick landed COGS in $60-$72."]	Springtime Candy	f	\N	\N	\N	\N	\N	none	\N	\N	\N
c23bce1b-df4e-4ee4-88e9-174a01f619f7	c412ece6-ff4a-4c43-8c36-9a6709bd1e0d	659470b0-6a8c-4bb0-9948-cff6ebfd8753	Live Rosin 1g	1.000	27.00	29.50	draft	2026-05-24 03:44:51.886398+00	2026-05-24 03:44:53.269+00	BATCH-DEMO-003	BATCH-DEMO-003	\N	f	f	f	[]	Live Rosin 1g	t	pick-mid	\N	29.50	\N	\N	none	\N	\N	\N
a064280a-3194-407b-841e-0c96abb74cba	00c3f7ee-463d-4b6d-8348-612d9c61c4c5	659470b0-6a8c-4bb0-9948-cff6ebfd8753	Live Rosin 1g	1.000	19.50	29.50	draft	2026-05-24 02:26:09.598187+00	2026-05-24 02:26:13.334+00	BATCH-DEMO-003	\N	\N	f	f	f	[]	Live Rosin 1g	t	manual	\N	29.50	vendor_approval_pending	Issue #64 E2E smoke — vendor contact required.	approved	\N	\N	\N
8cff2b48-3e44-478d-8eb4-b4eb723929f2	fca67f86-3628-4b52-87d5-157c7e17fc66	659470b0-6a8c-4bb0-9948-cff6ebfd8753	Live Rosin 1g	1.000	27.00	29.50	needs_fix	2026-05-24 02:26:32.353531+00	2026-05-24 02:26:32.353531+00	BATCH-DEMO-003	\N	\N	f	f	f	["Pick landed COGS in $25-$34."]	Live Rosin 1g	f	\N	\N	\N	\N	\N	none	\N	\N	\N
b161181c-2072-4328-88af-e9183ed3d10b	fca67f86-3628-4b52-87d5-157c7e17fc66	f30adf37-ad70-4c7a-a076-cffc45bd9595	House Pre-roll 1g	1.000	4.00	4.00	needs_fix	2026-05-24 02:27:46.497727+00	2026-05-24 02:27:46.497727+00	BATCH-DEMO-004	BATCH-DEMO-004	\N	f	f	f	["Pick landed COGS in $3-$5."]	House Pre-roll 1g	f	\N	\N	\N	\N	\N	none	\N	\N	\N
62f26ee2-0db2-4313-9e36-b8ac7e6dca7a	ee7c34c1-30ba-457a-b3a1-f3c005fd02e8	aaa3c8a7-636e-4da0-8896-9d3f2520abac	Infused Candy 10mg	1.000	68.00	66.00	needs_fix	2026-05-24 02:28:03.459298+00	2026-05-24 02:28:03.459298+00	BATCH-DEMO-001	BATCH-DEMO-001	\N	f	f	f	["Pick landed COGS in $60-$72."]	Springtime Candy	f	\N	\N	\N	\N	\N	none	\N	\N	\N
ae883482-8811-4a57-a574-fd5a7026694d	ae0785b8-5773-4575-8d75-d498a574e03b	659470b0-6a8c-4bb0-9948-cff6ebfd8753	Live Rosin 1g	1.000	27.00	29.50	needs_fix	2026-05-24 03:22:06.408613+00	2026-05-24 03:22:06.408613+00	BATCH-DEMO-003	BATCH-DEMO-003	\N	f	f	f	["Pick landed COGS in $25-$34."]	Live Rosin 1g	f	\N	\N	\N	\N	\N	none	\N	\N	\N
1264c6e7-3796-4704-a459-e714a9f57de0	ae0785b8-5773-4575-8d75-d498a574e03b	659470b0-6a8c-4bb0-9948-cff6ebfd8753	Live Rosin 1g	1.000	27.00	29.50	needs_fix	2026-05-24 03:22:06.917668+00	2026-05-24 03:22:06.917668+00	BATCH-DEMO-003	BATCH-DEMO-003	\N	f	f	f	["Pick landed COGS in $25-$34."]	Live Rosin 1g	f	\N	\N	\N	\N	\N	none	\N	\N	\N
3b7b9fff-48c6-40f2-94b0-2296baec7dec	2af73ec4-9da8-4647-9778-69792e6ef171	659470b0-6a8c-4bb0-9948-cff6ebfd8753	Live Rosin 1g	1.000	1.00	29.50	draft	2026-05-24 03:47:22.275182+00	2026-05-24 03:47:22.962+00	BATCH-DEMO-003	\N	\N	f	f	f	[]	Live Rosin 1g	t	pick-mid	\N	29.50	\N	\N	none	\N	\N	\N
2a92e4a9-076c-47a3-aff1-7fdeb829105d	7e3bc33c-7948-420f-92fd-c6c4cd8845d5	659470b0-6a8c-4bb0-9948-cff6ebfd8753	Live Rosin 1g	1.000	44.25	29.50	draft	2026-05-24 04:06:47.012299+00	2026-05-24 04:06:49.545+00	BATCH-DEMO-003	BATCH-DEMO-003	\N	f	f	f	[]	Live Rosin 1g	t	pick-mid	\N	29.50	\N	\N	none	\N	\N	\N
193b1e80-5d68-488f-8450-f48c4addbce9	7e3bc33c-7948-420f-92fd-c6c4cd8845d5	659470b0-6a8c-4bb0-9948-cff6ebfd8753	Live Rosin 1g	1.000	44.25	29.50	draft	2026-05-24 04:06:47.990957+00	2026-05-24 04:06:51.216+00	BATCH-DEMO-003	BATCH-DEMO-003	\N	f	f	f	[]	Live Rosin 1g	t	pick-mid	\N	29.50	\N	\N	none	\N	\N	\N
8d9bef98-0d0c-4e6e-b640-7175df6ad979	62e90f5b-4e77-4894-847a-e318f289fd71	659470b0-6a8c-4bb0-9948-cff6ebfd8753	Live Rosin 1g	1.000	31.86	29.50	draft	2026-05-24 04:09:15.020681+00	2026-05-24 04:09:16.55+00	BATCH-DEMO-003	\N	\N	f	f	f	[]	Live Rosin 1g	t	pick-mid	\N	29.50	\N	\N	none	\N	\N	\N
\.

-- 4. fulfillment_lines
COPY public.fulfillment_lines (id, pick_list_id, order_line_id, batch_id, expected_qty, actual_qty, actual_weight, bag_code, status, created_at, updated_at, warehouse_alerts, status_extended) FROM stdin;
cc784ac1-2eea-4a8d-827a-f2f883a6b630	c3b77f89-8840-42c5-a851-766b7b2334ab	fed731e2-6d48-4130-9bc8-016823ca07a2	641efe0f-5534-4807-97ba-8bcfa4c7231f	5.000	0.000	0.000	\N	open	2026-05-22 19:02:46.158676+00	2026-05-22 19:02:46.158676+00	[]	\N
\.

-- 5. inventory_movements
COPY public.inventory_movements (id, batch_id, command_id, kind, qty_delta, reason, created_at) FROM stdin;
46b3ee7d-6e34-4ed7-aaa1-e6c3ace04fbe	aaa3c8a7-636e-4da0-8896-9d3f2520abac	\N	intake_posted	120.000	Seed intake	2026-05-22 19:02:46.137717+00
3317aa0f-e95a-4fd2-85ff-3d0a45c0cf72	641efe0f-5534-4807-97ba-8bcfa4c7231f	\N	intake_posted	45.000	Seed intake	2026-05-22 19:02:46.137717+00
351196a1-4035-430d-aa76-586372c1075e	659470b0-6a8c-4bb0-9948-cff6ebfd8753	\N	intake_posted	300.000	Seed intake	2026-05-22 19:02:46.137717+00
5f60e453-7cf4-4ba9-a5b9-ca90b53fa21f	f30adf37-ad70-4c7a-a076-cffc45bd9595	\N	intake_posted	1000.000	Seed intake	2026-05-22 19:02:46.137717+00
ac6c4bcf-7066-4101-a150-a921f5dc1028	aaa3c8a7-636e-4da0-8896-9d3f2520abac	59d23982-2cb1-4283-8333-c17577f02215	status_transfer	0.000	posted -> held: QA hold for damaged label check	2026-05-23 04:46:57.835613+00
7785e10b-55ad-42ca-b9df-a3e2afc2f341	aaa3c8a7-636e-4da0-8896-9d3f2520abac	c4aa12c9-30fd-46d5-ba25-88a877b90c57	location_transfer	0.000	A1 -> QA-Hold: QA move	2026-05-23 04:46:59.805555+00
e81be7c2-d830-481d-a3c0-642c50b29994	aaa3c8a7-636e-4da0-8896-9d3f2520abac	87b4c44c-a114-4564-87e2-14297b53e5e6	ownership_transfer	0.000	undefined -> OFC: QA ownership correction	2026-05-23 04:47:00.353742+00
7618a0e7-fd17-43cb-939b-87ec96e0336a	aaa3c8a7-636e-4da0-8896-9d3f2520abac	001cb678-3f89-40fe-84bc-af1cb64cfaf0	inventory_transfer_reversal	0.000	Reversal of setInventoryStatus	2026-05-23 04:47:01.275916+00
0aca2a79-d6cc-4878-b0c7-49c0ca4c7f1c	641efe0f-5534-4807-97ba-8bcfa4c7231f	bad5f920-1c5d-461b-a628-72327c97dac5	status_transfer	0.000	posted -> held: QA hold for damaged label check	2026-05-24 02:01:49.53753+00
9aeb4301-d827-4ed7-b8b8-4acc7a9cb3e0	641efe0f-5534-4807-97ba-8bcfa4c7231f	a12e3bc2-a26f-43ca-81b7-54ac53735b0e	location_transfer	0.000	Vault-2 -> QA-Hold: QA move	2026-05-24 02:01:51.645706+00
571418d0-95d8-42e3-975e-0248d1d73a91	641efe0f-5534-4807-97ba-8bcfa4c7231f	12180e78-f091-4cd3-b0d2-2801d74325c5	ownership_transfer	0.000	undefined -> OFC: QA ownership correction	2026-05-24 02:01:52.261078+00
7dfac2b8-66d3-42be-b46f-a15db2c12cf3	641efe0f-5534-4807-97ba-8bcfa4c7231f	c75b4207-f2bb-4bfd-977b-fd3d63a6fec7	inventory_transfer_reversal	0.000	Reversal of setInventoryStatus	2026-05-24 02:01:53.13593+00
a819cadb-5d2f-4dd1-9246-46ff3c4c0705	659470b0-6a8c-4bb0-9948-cff6ebfd8753	4bd7a04a-9278-4dd9-81ec-52ad4a837b1d	status_transfer	0.000	posted -> held: QA hold for damaged label check	2026-05-24 02:22:13.997924+00
3ec77297-2296-4d97-9874-545c3f53dfef	659470b0-6a8c-4bb0-9948-cff6ebfd8753	a9694a6b-6bd4-47ca-87af-2a9125b95320	location_transfer	0.000	Cold-1 -> QA-Hold: QA move	2026-05-24 02:22:17.059345+00
8a5ef8ba-4cc7-4e38-a83f-b63db474ced4	659470b0-6a8c-4bb0-9948-cff6ebfd8753	55a9c939-b0a1-4f0e-a0db-a4d6588a0ae3	ownership_transfer	0.000	undefined -> C: QA ownership correction	2026-05-24 02:22:17.383212+00
4c1f08ce-cb45-47a4-9938-e128a4866d53	659470b0-6a8c-4bb0-9948-cff6ebfd8753	f94cdd33-57f7-49a4-b067-644ca70b8e56	inventory_transfer_reversal	0.000	Reversal of setInventoryStatus	2026-05-24 02:22:18.272313+00
817482c6-68e0-406f-ab24-a38c2c943023	659470b0-6a8c-4bb0-9948-cff6ebfd8753	bcac9b68-1742-4fc4-8ed2-9c49ade86513	status_transfer	0.000	posted -> held: QA hold for damaged label check	2026-05-24 03:24:31.322765+00
f818eb01-13b9-4ad6-a786-d03b88110781	659470b0-6a8c-4bb0-9948-cff6ebfd8753	fa889078-7827-4025-92aa-791ecd8f5f50	ownership_transfer	0.000	undefined -> OFC: QA ownership correction	2026-05-24 03:24:33.675159+00
950291d6-4ad8-43ff-b276-971b4f8d880f	659470b0-6a8c-4bb0-9948-cff6ebfd8753	a5b3d243-fbad-42c0-a2d6-3634e7aa0f2e	inventory_transfer_reversal	0.000	Reversal of setInventoryStatus	2026-05-24 03:24:34.732584+00
466c1152-fc63-40bb-866f-a35918bbfdb2	659470b0-6a8c-4bb0-9948-cff6ebfd8753	9db0483e-1c6c-4f73-9e12-b95d447b0b4b	status_transfer	0.000	posted -> held: QA hold for damaged label check	2026-05-24 03:47:07.099422+00
9233b904-8a0b-49a1-b571-2fe8934ca4fe	659470b0-6a8c-4bb0-9948-cff6ebfd8753	c4caf90f-8653-4a98-9628-4de1e2607a89	ownership_transfer	0.000	undefined -> C: QA ownership correction	2026-05-24 03:47:09.588279+00
9590f51b-87e2-4537-97d7-5721f6d6e785	659470b0-6a8c-4bb0-9948-cff6ebfd8753	062e15bd-f8e9-40b0-8381-4f8a1d36bc84	inventory_transfer_reversal	0.000	Reversal of setInventoryStatus	2026-05-24 03:47:10.414357+00
e01b9d0e-6623-41da-99a7-ffbe7616f6b8	659470b0-6a8c-4bb0-9948-cff6ebfd8753	ac9fb721-fd09-4333-8d26-08f2d91420b6	status_transfer	0.000	posted -> held: QA hold for damaged label check	2026-05-24 04:08:54.208538+00
bdb014fd-6e91-4481-a095-a56a7d1b9d06	659470b0-6a8c-4bb0-9948-cff6ebfd8753	d55749cc-8ae0-45af-9320-71fb00a3a557	ownership_transfer	0.000	undefined -> OFC: QA ownership correction	2026-05-24 04:08:56.412431+00
dc15718e-dbd9-47a0-bc7f-1576e1db0c93	659470b0-6a8c-4bb0-9948-cff6ebfd8753	ff40079d-ffa7-4553-aff3-fb7002acef97	inventory_transfer_reversal	0.000	Reversal of setInventoryStatus	2026-05-24 04:08:57.450286+00
4d73bbe3-18f4-4c1d-b94b-0c816c63f4e5	659470b0-6a8c-4bb0-9948-cff6ebfd8753	c00da9fc-731c-4d4c-8376-722b54c96041	status_transfer	0.000	posted -> held: QA hold for damaged label check	2026-05-24 04:38:28.825862+00
606e66b0-9148-4901-b9d7-1d32302c14d9	659470b0-6a8c-4bb0-9948-cff6ebfd8753	afed8f8e-9e1f-4204-a37f-7c81a352fee6	ownership_transfer	0.000	undefined -> C: QA ownership correction	2026-05-24 04:38:32.359623+00
820d02dc-1b88-4049-b681-99955473cc29	659470b0-6a8c-4bb0-9948-cff6ebfd8753	a68bbf7f-8130-4c4f-a572-f7fa6c884715	inventory_transfer_reversal	0.000	Reversal of setInventoryStatus	2026-05-24 04:38:33.331521+00
\.
